1,facebook.com
2,yahoo.com
3,google.com
200,mkyong.com
300,stackoverflow.com
400,oracle.com
999,eclipse.org
888,baidu.com
1,facebook.com
2,yahoo.com
3,google.com
200,mkyong.com
300,stackoverflow.com
400,oracle.com
999,eclipse.org
888,baidu.com
1,facebook.com
2,yahoo.com
3,google.com
200,mkyong.com
300,stackoverflow.com
400,oracle.com
999,eclipse.org
888,baidu.com
1,facebook.com
2,yahoo.com
3,google.com
200,mkyong.com
300,stackoverflow.com
400,oracle.com
999,eclipse.org
888,baidu.com
1,facebook.com
2,yahoo.com
3,google.com
200,mkyong.com
300,stackoverflow.com
400,oracle.com
999,eclipse.org
888,baidu.com
1,facebook.com
2,yahoo.com
3,google.com
200,mkyong.com
300,stackoverflow.com
400,oracle.com
999,eclipse.org
888,baidu.com
1,facebook.com
2,yahoo.com
3,google.com
200,mkyong.com
300,stackoverflow.com
400,oracle.com
999,eclipse.org
888,baidu.com
1,facebook.com
2,yahoo.com
3,google.com
200,mkyong.com
300,stackoverflow.com
400,oracle.com
999,eclipse.org
888,baidu.com
